{
   "abstract" : "Perl bindings for the libsvm Support Vector Machine library.",
   "author" : [
      "Matthew Laird <matt@brinkman.mbb.sfu.ca>"
   ],
   "dynamic_config" : 0,
   "generated_by" : "ExtUtils::MakeMaker version 7.24, CPAN::Meta::Converter version 2.150010",
   "license" : [
      "unknown"
   ],
   "meta-spec" : {
      "url" : "http://search.cpan.org/perldoc?CPAN::Meta::Spec",
      "version" : "2"
   },
   "name" : "Algorithm-SVM",
   "no_index" : {
      "directory" : [
         "t",
         "inc"
      ]
   },
   "prereqs" : {
      "build" : {
         "requires" : {
            "ExtUtils::MakeMaker" : "0"
         }
      },
      "configure" : {
         "requires" : {
            "ExtUtils::MakeMaker" : "0"
         }
      },
      "runtime" : {
         "requires" : {}
      }
   },
   "release_status" : "stable",
   "version" : "0.13",
   "x_serialization_backend" : "JSON::PP version 2.27400_02"
}
